Source_Well,UCSC_CSC_plate_ID,Source_Plate_Name,MoleculeID,Human_Readable_Name,Source_Concentration,Source_Concentration_Units,CompoundSource,Quadrant,Transfer_Volume_nL,Concentration,Units,Well,Well_X,Well_Y,Assay_Volume_ul,sample_type,Synonym,Pathways,Target,Receptor
B01,SP20314,HF014 [2],CS02ALK_04,CS02ALK_04,1,mg_mL,HF009-Hrow,Q3,25,1,ug_ml,A24,1,24,25,sample,,,,
B11,SP20314,HF014 [2],ARECOLINE_HYDROBROMIDE2,ARECOLINE_HYDROBROMIDE2,1,mM,Chromadex-Q1,Q3,25,1,uM,B23,2,23,25,sample,,,,
B13,SP20314,HF014 [2],ANDROGRAPHOLIDE,ANDROGRAPHOLIDE,1,mM,Chromadex-Q1,Q3,25,1,uM,C01,3,1,25,sample,,,,
B18,SP20314,HF014 [2],ARTEMISETIN,ARTEMISETIN,1,mM,Chromadex-Q2,Q4,25,1,uM,D11,4,11,25,sample,,,,
B03,SP20314,HF014 [2],ACONITINE,ACONITINE,1,mM,Chromadex-Q1,Q3,25,1,uM,D12,4,12,25,sample,,,,
B04,SP20314,HF014 [2],HYOSCYAMINE;_L,HYOSCYAMINE;_L,1,mM,Chromadex-Q2,Q4,25,1,uM,D13,4,13,25,sample,,,,
B05,SP20314,HF014 [2],CANNABIDIOL,CANNABIDIOL,1,mM,Chromadex-Q1,Q3,25,1,uM,D14,4,14,25,sample,,,,
B06,SP20314,HF014 [2],HYPACONITINE,HYPACONITINE,1,mM,Chromadex-Q2,Q4,25,1,uM,D15,4,15,25,sample,,,,
B07,SP20314,HF014 [2],AJMALICINE,AJMALICINE,1,mM,Chromadex-Q1,Q3,25,1,uM,D16,4,16,25,sample,,,,
B08,SP20314,HF014 [2],HYPEROSIDE,HYPEROSIDE,1,mM,Chromadex-Q2,Q4,25,1,uM,D17,4,17,25,sample,,,,
B10,SP20314,HF014 [2],ISOLIQUIRITIGENIN,ISOLIQUIRITIGENIN,1,mM,Chromadex-Q2,Q4,25,1,uM,D19,4,19,25,sample,,,,
B12,SP20314,HF014 [2],ISOSCOPOLETIN,ISOSCOPOLETIN,1,mM,Chromadex-Q2,Q4,25,1,uM,D21,4,21,25,sample,,,,
B09,SP20314,HF014 [2],AJMALINE,AJMALINE,1,mM,Chromadex-Q1,Q3,25,1,uM,D23,4,23,25,sample,,,,
D14,SP20314,HF014 [2],LIQUIRITIGENIN,LIQUIRITIGENIN,1,mM,Chromadex-Q2,Q4,25,1,uM,E01,5,1,25,sample,,,,
B20,SP20314,HF014 [2],KAEMPFEROL,KAEMPFEROL,1,mM,Chromadex-Q2,Q4,25,1,uM,E03,5,3,25,sample,,,,
B21,SP20314,HF014 [2],BAICALEIN,BAICALEIN,1,mM,Chromadex-Q1,Q3,25,1,uM,E04,5,4,25,sample,,,,
B22,SP20314,HF014 [2],KAEMPFEROL-4'-GLUCOSIDE,KAEMPFEROL-4'-GLUCOSIDE,1,mM,Chromadex-Q2,Q4,25,1,uM,E05,5,5,25,sample,,,,
C03,SP20314,HF014 [2],URSOLIC_ACID,URSOLIC_ACID,1,mM,Chromadex-Q3,Q1,25,1,uM,E06,5,6,25,sample,,,,
C04,SP20314,HF014 [2],CS02HEX_01,CS02HEX_01,1,mg_mL,HF009,Q2,25,1,ug_ml,E07,5,7,25,sample,,,,
C05,SP20314,HF014 [2],VALERENIC_ACID,VALERENIC_ACID,1,mM,Chromadex-Q3,Q1,25,1,uM,E08,5,8,25,sample,,,,
C06,SP20314,HF014 [2],CS02ACAQ_01,CS02ACAQ_01,1,mg_mL,HF009,Q2,25,1,ug_ml,E09,5,9,25,sample,,,,
C08,SP20314,HF014 [2],SN01ALK_03,SN01ALK_03,1,mg_mL,HF009,Q2,25,1,ug_ml,E11,5,11,25,sample,,,,
C09,SP20314,HF014 [2],VINPOCETINE2,VINPOCETINE2,1,mM,Chromadex-Q3,Q1,25,1,uM,E12,5,12,25,sample,,,,
C10,SP20314,HF014 [2],WS04ALK_01,WS04ALK_01,0.8,mg_mL,HF009,Q2,25,0.8,ug_ml,E13,5,13,25,sample,,,,
C12,SP20314,HF014 [2],HC04HEX_03,HC04HEX_03,1,mg_mL,HF009,Q2,25,1,ug_ml,E15,5,15,25,sample,,,,
C14,SP20314,HF014 [2],ST01ALK_03,ST01ALK_03,1,mg_mL,HF009,Q2,25,1,ug_ml,E17,5,17,25,sample,,,,
C15,SP20314,HF014 [2],WITHANOLIDE_A,WITHANOLIDE_A,1,mM,Chromadex-Q3,Q1,25,1,uM,E18,5,18,25,sample,,,,
C16,SP20314,HF014 [2],HC02ALK_01,HC02ALK_01,1,mg_mL,HF009,Q2,25,1,ug_ml,E19,5,19,25,sample,,,,
C17,SP20314,HF014 [2],WITHANOSIDE_IV,WITHANOSIDE_IV,1,mM,Chromadex-Q3,Q1,25,1,uM,E20,5,20,25,sample,,,,
C18,SP20314,HF014 [2],HC02ACAQ_01,HC02ACAQ_01,1,mg_mL,HF009,Q2,25,1,ug_ml,E21,5,21,25,sample,,,,
C19,SP20314,HF014 [2],WITHASTRAMONOLIDE;_12-DEOXY,WITHASTRAMONOLIDE;_12-DEOXY,1,mM,Chromadex-Q3,Q1,25,1,uM,E22,5,22,25,sample,,,,
C11,SP20314,HF014 [2],VITEXIN,VITEXIN,1,mM,Chromadex-Q3,Q1,25,1,uM,E23,5,23,25,sample,,,,
C13,SP20314,HF014 [2],WITHAFERIN_A,WITHAFERIN_A,1,mM,Chromadex-Q3,Q1,25,1,uM,E24,5,24,25,sample,,,,
D06,SP20314,HF014 [2],AUCUBIN,AUCUBIN,1,mM,Chromadex-Q2,Q4,25,1,uM,F01,6,1,25,sample,,,,
D05,SP20314,HF014 [2],BERBERINE_CHLORIDE,BERBERINE_CHLORIDE,1,mM,Chromadex-Q1,Q3,25,1,uM,F02,6,2,25,sample,,,,
D04,SP20314,HF014 [2],ASIATICOSIDE,ASIATICOSIDE,1,mM,Chromadex-Q2,Q4,25,1,uM,F03,6,3,25,sample,,,,
D07,SP20314,HF014 [2],BERGAMOTTIN,BERGAMOTTIN,1,mM,Chromadex-Q1,Q3,25,1,uM,F06,6,6,25,sample,,,,
D08,SP20314,HF014 [2],KAEMPFERITRIN,KAEMPFERITRIN,1,mM,Chromadex-Q2,Q4,25,1,uM,F07,6,7,25,sample,,,,
D09,SP20314,HF014 [2],BETULIN,BETULIN,1,mM,Chromadex-Q1,Q3,25,1,uM,F08,6,8,25,sample,,,,
D10,SP20314,HF014 [2],ASTRAGALOSIDE_IV,ASTRAGALOSIDE_IV,1,mM,Chromadex-Q2,Q4,25,1,uM,F09,6,9,25,sample,,,,
D12,SP20314,HF014 [2],LARICIRESINOL,LARICIRESINOL,1,mM,Chromadex-Q2,Q4,25,1,uM,F11,6,11,25,sample,,,,
D13,SP20314,HF014 [2],BILOBALIDE,BILOBALIDE,1,mM,Chromadex-Q1,Q3,25,1,uM,F12,6,12,25,sample,,,,
D16,SP20314,HF014 [2],LOBELINE_HCl;_a,LOBELINE_HCl;_a,1,mM,Chromadex-Q2,Q4,25,1,uM,F15,6,15,25,sample,,,,
D17,SP20314,HF014 [2],BOSWELLIC_ACID;_a,BOSWELLIC_ACID;_a,1,mM,Chromadex-Q1,Q3,25,1,uM,F16,6,16,25,sample,,,,
D19,SP20314,HF014 [2],BOSWELLIC_ACID;_B,BOSWELLIC_ACID;_B,1,mM,Chromadex-Q1,Q3,25,1,uM,F18,6,18,25,sample,,,,
D21,SP20314,HF014 [2],ACETYL-B-BOSWELLIC_ACID;_3,ACETYL-B-BOSWELLIC_ACID;_3,1,mM,Chromadex-Q1,Q3,25,1,uM,F20,6,20,25,sample,,,,
D22,SP20314,HF014 [2],LUTEOLIN-7-O-GLUCOSIDE,LUTEOLIN-7-O-GLUCOSIDE,1,mM,Chromadex-Q2,Q4,25,1,uM,F21,6,21,25,sample,,,,
E03,SP20314,HF014 [2],YOHIMBINE_HCL,YOHIMBINE_HCL,1,mM,Chromadex-Q3 final4,Q1,25,1,uM,F22,6,22,25,sample,,,,
D11,SP20314,HF014 [2],BETULONIC_ACID,BETULONIC_ACID,1,mM,Chromadex-Q1,Q3,25,1,uM,F23,6,23,25,sample,,,,
D15,SP20314,HF014 [2],BIOCHANIN_A,BIOCHANIN_A,1,mM,Chromadex-Q1,Q3,25,1,uM,F24,6,24,25,sample,,,,
D18,SP20314,HF014 [2],LOGANIN,LOGANIN,1,mM,Chromadex-Q2,Q4,25,1,uM,G01,7,1,25,sample,,,,
D20,SP20314,HF014 [2],LUTEOLIN,LUTEOLIN,1,mM,Chromadex-Q2,Q4,25,1,uM,G02,7,2,25,sample,,,,
E10,SP20314,HF014 [2],WS04ALK_02,WS04ALK_02,1,mg_mL,HF009,Q2,25,1,ug_ml,G03,7,3,25,sample,,,,
E12,SP20314,HF014 [2],HC04HEX_04,HC04HEX_04,1,mg_mL,HF009,Q2,25,1,ug_ml,G04,7,4,25,sample,,,,
E14,SP20314,HF014 [2],ST01ALK_04,ST01ALK_04,1,mg_mL,HF009,Q2,25,1,ug_ml,G05,7,5,25,sample,,,,
E16,SP20314,HF014 [2],HC02ALK_02,HC02ALK_02,1,mg_mL,HF009,Q2,25,1,ug_ml,G06,7,6,25,sample,,,,
E18,SP20314,HF014 [2],HC02ACAQ_02,HC02ACAQ_02,1,mg_mL,HF009,Q2,25,1,ug_ml,G07,7,7,25,sample,,,,
E22,SP20314,HF014 [2],WS02HEX_02,WS02HEX_02,1,mg_mL,HF009,Q2,25,1,ug_ml,G09,7,9,25,sample,,,,
F01,SP20314,HF014 [2],WS04HEX_04,WS04HEX_04,1,mg_mL,HF009-Hrow,Q3,25,1,ug_ml,G10,7,10,25,sample,,,,
F03,SP20314,HF014 [2],KETO-B-BOSWELLIC_ACID;_11,KETO-B-BOSWELLIC_ACID;_11,1,mM,Chromadex-Q1,Q3,25,1,uM,G11,7,11,25,sample,,,,
F04,SP20314,HF014 [2],MANGIFERIN,MANGIFERIN,1,mM,Chromadex-Q2,Q4,25,1,uM,G12,7,12,25,sample,,,,
F06,SP20314,HF014 [2],MANGOSTIN;_ALPHA,MANGOSTIN;_ALPHA,1,mM,Chromadex-Q2,Q4,25,1,uM,G14,7,14,25,sample,,,,
F07,SP20314,HF014 [2],CARNOSIC_ACID,CARNOSIC_ACID,1,mM,Chromadex-Q1,Q3,25,1,uM,G15,7,15,25,sample,,,,
F09,SP20314,HF014 [2],CASTICIN,CASTICIN,1,mM,Chromadex-Q1,Q3,25,1,uM,G17,7,17,25,sample,,,,
F10,SP20314,HF014 [2],NARINGENIN,NARINGENIN,1,mM,Chromadex-Q2,Q4,25,1,uM,G18,7,18,25,sample,,,,
F11,SP20314,HF014 [2],CELASTROL,CELASTROL,1,mM,Chromadex-Q1,Q3,25,1,uM,G19,7,19,25,sample,,,,
F12,SP20314,HF014 [2],NARINGIN,NARINGIN,1,mM,Chromadex-Q2,Q4,25,1,uM,G20,7,20,25,sample,,,,
F13,SP20314,HF014 [2],CEPHALOMANNINE,CEPHALOMANNINE,1,mM,Chromadex-Q1,Q3,25,1,uM,G21,7,21,25,sample,,,,
F14,SP20314,HF014 [2],NEOHESPERIDIN_DIHYDROCHALCONE,NEOHESPERIDIN_DIHYDROCHALCONE,1,mM,Chromadex-Q2,Q4,25,1,uM,G22,7,22,25,sample,,,,
E20,SP20314,HF014 [2],AA01HEX_04,AA01HEX_04,1,mg_mL,HF009,Q2,25,1,ug_ml,G23,7,23,25,sample,,,,
F05,SP20314,HF014 [2],CAMPTOTHECIN,CAMPTOTHECIN,1,mM,Chromadex-Q1,Q3,25,1,uM,G24,7,24,25,sample,,,,
F08,SP20314,HF014 [2],MITRAPHYLLINE,MITRAPHYLLINE,1,mM,Chromadex-Q2,Q4,25,1,uM,H01,8,1,25,sample,,,,
B19,SP20314,HF014 [2],BACCATIN_III,BACCATIN_III,1,mM,Chromadex-Q1,Q3,25,1,uM,H02,8,2,25,sample,,,,
F19,SP20314,HF014 [2],CINCHONINE,CINCHONINE,1,mM,Chromadex-Q1,Q3,25,1,uM,H03,8,3,25,sample,,,,
F20,SP20314,HF014 [2],PALATINOSE,PALATINOSE,1,mM,Chromadex-Q2,Q4,25,1,uM,H04,8,4,25,sample,,,,
F21,SP20314,HF014 [2],CONIFERALDEHYDE2,CONIFERALDEHYDE2,1,mM,Chromadex-Q1,Q3,25,1,uM,H05,8,5,25,sample,,,,
F22,SP20314,HF014 [2],PARTHENOLIDE,PARTHENOLIDE,1,mM,Chromadex-Q2,Q4,25,1,uM,H06,8,6,25,sample,,,,
G04,SP20314,HF014 [2],CS02HEX_03,CS02HEX_03,1,mg_mL,HF009,Q2,25,1,ug_ml,H08,8,8,25,sample,,,,
G06,SP20314,HF014 [2],SN01HEX_01,SN01HEX_01,1,mg_mL,HF009,Q2,25,1,ug_ml,H09,8,9,25,sample,,,,
G08,SP20314,HF014 [2],SN01ACAQ_01,SN01ACAQ_01,1,mg_mL,HF009,Q2,25,1,ug_ml,H10,8,10,25,sample,,,,
G10,SP20314,HF014 [2],WS04ALK_03,WS04ALK_03,1,mg_mL,HF009,Q2,25,1,ug_ml,H11,8,11,25,sample,,,,
G14,SP20314,HF014 [2],STO1HEX_01,STO1HEX_01,1,mg_mL,HF009,Q2,25,1,ug_ml,H13,8,13,25,sample,,,,
G16,SP20314,HF014 [2],HC02ALK_03,HC02ALK_03,1,mg_mL,HF009,Q2,25,1,ug_ml,H14,8,14,25,sample,,,,
G18,SP20314,HF014 [2],AA01ALK_01,AA01ALK_01,1,mg_mL,HF009,Q2,25,1,ug_ml,H15,8,15,25,sample,,,,
G22,SP20314,HF014 [2],WS02HEX_03,WS02HEX_03,1,mg_mL,HF009,Q2,25,1,ug_ml,H17,8,17,25,sample,,,,
H03,SP20314,HF014 [2],COPTISINE,COPTISINE,1,mM,Chromadex-Q1,Q3,25,1,uM,H19,8,19,25,sample,,,,
H04,SP20314,HF014 [2],PECTOLINARIN,PECTOLINARIN,1,mM,Chromadex-Q2,Q4,25,1,uM,H20,8,20,25,sample,,,,
H05,SP20314,HF014 [2],CORILAGIN,CORILAGIN,1,mM,Chromadex-Q1,Q3,25,1,uM,H21,8,21,25,sample,,,,
H06,SP20314,HF014 [2],PROTOPANAXADIOL;_(20R),PROTOPANAXADIOL;_(20R),1,mM,Chromadex-Q2,Q4,25,1,uM,H22,8,22,25,sample,,,,
G12,SP20314,HF014 [2],HC04ALK_01,HC04ALK_01,1,mg_mL,HF009,Q2,25,1,ug_ml,H23,8,23,25,sample,,,,
G20,SP20314,HF014 [2],AA01ACAQ_01,AA01ACAQ_01,1,mg_mL,HF009,Q2,25,1,ug_ml,H24,8,24,25,sample,,,,
H13,SP20314,HF014 [2],CUCURBITACIN_E,CUCURBITACIN_E,1,mM,Chromadex-Q1,Q3,25,1,uM,I05,9,5,25,sample,,,,
H14,SP20314,HF014 [2],PUNICALAGINS_A&B,PUNICALAGINS_A&B,1,mM,Chromadex-Q2,Q4,25,1,uM,I06,9,6,25,sample,,,,
H15,SP20314,HF014 [2],CYCLOASTRAGENOL,CYCLOASTRAGENOL,1,mM,Chromadex-Q1,Q3,25,1,uM,I07,9,7,25,sample,,,,
H16,SP20314,HF014 [2],QUERCETIN,QUERCETIN,1,mM,Chromadex-Q2,Q4,25,1,uM,I08,9,8,25,sample,,,,
H17,SP20314,HF014 [2],DAIDZEIN,DAIDZEIN,1,mM,Chromadex-Q1,Q3,25,1,uM,I09,9,9,25,sample,,,,
H18,SP20314,HF014 [2],QUERCITRIN,QUERCITRIN,1,mM,Chromadex-Q2,Q4,25,1,uM,I10,9,10,25,sample,,,,
H19,SP20314,HF014 [2],DAIDZIN,DAIDZIN,1,mM,Chromadex-Q1,Q3,25,1,uM,I11,9,11,25,sample,,,,
H20,SP20314,HF014 [2],SCLAREOL2,SCLAREOL2,1,mM,Chromadex-Q2,Q4,25,1,uM,I12,9,12,25,sample,,,,
H21,SP20314,HF014 [2],DIGITOXIN,DIGITOXIN,1,mM,Chromadex-Q1,Q3,25,1,uM,I13,9,13,25,sample,,,,
H22,SP20314,HF014 [2],RESVERATROL,RESVERATROL,1,mM,Chromadex-Q2,Q4,25,1,uM,I14,9,14,25,sample,,,,
B17,SP20314,HF014 [2],ARBUTIN,ARBUTIN,1,mM,Chromadex-Q1,Q3,25,1,uM,I15,9,15,25,sample,,,,
I04,SP20314,HF014 [2],CS02HEX_04,CS02HEX_04,1,mg_mL,HF009,Q2,25,1,ug_ml,I16,9,16,25,sample,,,,
I06,SP20314,HF014 [2],SN01HEX_02,SN01HEX_02,1,mg_mL,HF009,Q2,25,1,ug_ml,I17,9,17,25,sample,,,,
I08,SP20314,HF014 [2],SN01ACAQ_02,SN01ACAQ_02,1,mg_mL,HF009,Q2,25,1,ug_ml,I18,9,18,25,sample,,,,
I10,SP20314,HF014 [2],WS04ALK_04,WS04ALK_04,1,mg_mL,HF009,Q2,25,1,ug_ml,I19,9,19,25,sample,,,,
I14,SP20314,HF014 [2],STO1HEX_02,STO1HEX_02,1,mg_mL,HF009,Q2,25,1,ug_ml,I21,9,21,25,sample,,,,
I16,SP20314,HF014 [2],HC02ALK_04,HC02ALK_04,1,mg_mL,HF009,Q2,25,1,ug_ml,I22,9,22,25,sample,,,,
H01,SP20314,HF014 [2],HC04HEX_02,HC04HEX_02,1,mg_mL,HF009-Hrow,Q3,25,1,ug_ml,I23,9,23,25,sample,,,,
H11,SP20314,HF014 [2],APIGENIN-7-O-GLUCOSIDE(COSMOSIIN),APIGENIN-7-O-GLUCOSIDE(COSMOSIIN),1,mM,Chromadex-Q1,Q3,25,1,uM,I24,9,24,25,sample,,,,
H12,SP20314,HF014 [2],POLYDATIN(PICEID),POLYDATIN(PICEID),1,mM,Chromadex-Q2,Q4,25,1,uM,J01,10,1,25,sample,,,,
I12,SP20314,HF014 [2],HC04ALK_02,HC04ALK_02,1,mg_mL,HF009,Q2,25,1,ug_ml,J02,10,2,25,sample,,,,
J03,SP20314,HF014 [2],DULCOSIDE_A,DULCOSIDE_A,1,mM,Chromadex-Q1,Q3,25,1,uM,J03,10,3,25,sample,,,,
J04,SP20314,HF014 [2],REBAUDIOSIDE_A(Rebiana),REBAUDIOSIDE_A(Rebiana),1,mM,Chromadex-Q2,Q4,25,1,uM,J04,10,4,25,sample,,,,
J05,SP20314,HF014 [2],ECDYSONE;_BETA,ECDYSONE;_BETA,1,mM,Chromadex-Q1,Q3,25,1,uM,J05,10,5,25,sample,,,,
J06,SP20314,HF014 [2],REBAUDIOSIDE_C,REBAUDIOSIDE_C,1,mM,Chromadex-Q2,Q4,25,1,uM,J06,10,6,25,sample,,,,
J07,SP20314,HF014 [2],ECHINACOSIDE,ECHINACOSIDE,1,mM,Chromadex-Q1,Q3,25,1,uM,J07,10,7,25,sample,,,,
J08,SP20314,HF014 [2],REBAUDIOSIDE_D,REBAUDIOSIDE_D,1,mM,Chromadex-Q2,Q4,25,1,uM,J08,10,8,25,sample,,,,
J09,SP20314,HF014 [2],ELLAGIC_ACID2,ELLAGIC_ACID2,1,mM,Chromadex-Q1,Q3,25,1,uM,J09,10,9,25,sample,,,,
J10,SP20314,HF014 [2],REBAUDIOSIDE_N,REBAUDIOSIDE_N,1,mM,Chromadex-Q2,Q4,25,1,uM,J10,10,10,25,sample,,,,
J12,SP20314,HF014 [2],REBAUDIOSIDE_M,REBAUDIOSIDE_M,1,mM,Chromadex-Q2,Q4,25,1,uM,J12,10,12,25,sample,,,,
J13,SP20314,HF014 [2],EMODIN,EMODIN,1,mM,Chromadex-Q1,Q3,25,1,uM,J13,10,13,25,sample,,,,
J14,SP20314,HF014 [2],REBAUDIOSIDE_E,REBAUDIOSIDE_E,1,mM,Chromadex-Q2,Q4,25,1,uM,J14,10,14,25,sample,,,,
J15,SP20314,HF014 [2],EPICATECHIN;_(-)-,EPICATECHIN;_(-)-,1,mM,Chromadex-Q1,Q3,25,1,uM,J15,10,15,25,sample,,,,
J16,SP20314,HF014 [2],REBAUDIOSIDE_G,REBAUDIOSIDE_G,1,mM,Chromadex-Q2,Q4,25,1,uM,J16,10,16,25,sample,,,,
J17,SP20314,HF014 [2],EPICATECHIN_GALLATE;_(-),EPICATECHIN_GALLATE;_(-),1,mM,Chromadex-Q1,Q3,25,1,uM,J17,10,17,25,sample,,,,
J18,SP20314,HF014 [2],RUTAECARPINE,RUTAECARPINE,1,mM,Chromadex-Q2,Q4,25,1,uM,J18,10,18,25,sample,,,,
J19,SP20314,HF014 [2],EPIGALLOCATECHIN;_(-)-,EPIGALLOCATECHIN;_(-)-,1,mM,Chromadex-Q1,Q3,25,1,uM,J19,10,19,25,sample,,,,
J20,SP20314,HF014 [2],RUTIN_TRIHYDRATE,RUTIN_TRIHYDRATE,1,mM,Chromadex-Q2,Q4,25,1,uM,J20,10,20,25,sample,,,,
J21,SP20314,HF014 [2],EPIGALLOCATECHIN_GALLATE;_(-),EPIGALLOCATECHIN_GALLATE;_(-),1,mM,Chromadex-Q1,Q3,25,1,uM,J21,10,21,25,sample,,,,
J11,SP20314,HF014 [2],EMBELIN,EMBELIN,1,mM,Chromadex-Q1,Q3,25,1,uM,J23,10,23,25,sample,,,,
J22,SP20314,HF014 [2],SAIKOSAPONIN_C,SAIKOSAPONIN_C,1,mM,Chromadex-Q2,Q4,25,1,uM,J24,10,24,25,sample,,,,
K10,SP20314,HF014 [2],WS04ACAQ_01,WS04ACAQ_01,1,mg_mL,HF009,Q2,25,1,ug_ml,K01,11,1,25,sample,,,,
K14,SP20314,HF014 [2],STO1HEX_03,STO1HEX_03,1,mg_mL,HF009,Q2,25,1,ug_ml,K02,11,2,25,sample,,,,
K12,SP20314,HF014 [2],HC04ALK_03,HC04ALK_03,1,mg_mL,HF009,Q2,25,1,ug_ml,K04,11,4,25,sample,,,,
K16,SP20314,HF014 [2],HC02HEX_01,HC02HEX_01,1,mg_mL,HF009,Q2,25,1,ug_ml,K06,11,6,25,sample,,,,
K18,SP20314,HF014 [2],AA01ALK_03,AA01ALK_03,1,mg_mL,HF009,Q2,25,1,ug_ml,K07,11,7,25,sample,,,,
K20,SP20314,HF014 [2],WS02ALK_01,WS02ALK_01,1,mg_mL,HF009,Q2,25,1,ug_ml,K08,11,8,25,sample,,,,
L03,SP20314,HF014 [2],ERYTHRODIOL,ERYTHRODIOL,1,mM,Chromadex-Q1,Q3,25,1,uM,K11,11,11,25,sample,,,,
L05,SP20314,HF014 [2],EVODIAMINE,EVODIAMINE,1,mM,Chromadex-Q1,Q3,25,1,uM,K13,11,13,25,sample,,,,
L06,SP20314,HF014 [2],SALICIN,SALICIN,1,mM,Chromadex-Q2,Q4,25,1,uM,K14,11,14,25,sample,,,,
L07,SP20314,HF014 [2],EUPHORBIASTEROID,EUPHORBIASTEROID,1,mM,Chromadex-Q1,Q3,25,1,uM,K15,11,15,25,sample,,,,
L08,SP20314,HF014 [2],SCLAREOLIDE2,SCLAREOLIDE2,1,mM,Chromadex-Q2,Q4,25,1,uM,K16,11,16,25,sample,,,,
L09,SP20314,HF014 [2],FORSKOLIN,FORSKOLIN,1,mM,Chromadex-Q1,Q3,25,1,uM,K17,11,17,25,sample,,,,
L10,SP20314,HF014 [2],SCOPOLAMINE_HYDROBROMIDE_TRIHYDRATE,SCOPOLAMINE_HYDROBROMIDE_TRIHYDRATE,1,mM,Chromadex-Q2,Q4,25,1,uM,K18,11,18,25,sample,,,,
L11,SP20314,HF014 [2],FRIEDELIN,FRIEDELIN,1,mM,Chromadex-Q1,Q3,25,1,uM,K19,11,19,25,sample,,,,
L12,SP20314,HF014 [2],SCOPOLETIN,SCOPOLETIN,1,mM,Chromadex-Q2,Q4,25,1,uM,K20,11,20,25,sample,,,,
L13,SP20314,HF014 [2],GENIPOSIDE,GENIPOSIDE,1,mM,Chromadex-Q1,Q3,25,1,uM,K21,11,21,25,sample,,,,
L14,SP20314,HF014 [2],SENNOSIDE_A,SENNOSIDE_A,1,mM,Chromadex-Q2,Q4,25,1,uM,K22,11,22,25,sample,,,,
L01,SP20314,HF014 [2],ST01ACAQ_02,ST01ACAQ_02,1,mg_mL,HF009-Hrow,Q3,25,1,ug_ml,K24,11,24,25,sample,,,,
L04,SP20314,HF014 [2],SAKURANETIN,SAKURANETIN,1,mM,Chromadex-Q2,Q4,25,1,uM,L01,12,1,25,sample,,,,
K22,SP20314,HF014 [2],WS02ACAQ_01,WS02ACAQ_01,1,mg_mL,HF009,Q2,25,1,ug_ml,L02,12,2,25,sample,,,,
L19,SP20314,HF014 [2],GINKGOLIDE_A,GINKGOLIDE_A,1,mM,Chromadex-Q1,Q3,25,1,uM,L03,12,3,25,sample,,,,
L20,SP20314,HF014 [2],SINALBIN_POTASSIUM_SALT,SINALBIN_POTASSIUM_SALT,1,mM,Chromadex-Q2,Q4,25,1,uM,L04,12,4,25,sample,,,,
L22,SP20314,HF014 [2],SINOMENINE_HYDROCHLORIDE,SINOMENINE_HYDROCHLORIDE,1,mM,Chromadex-Q2,Q4,25,1,uM,L06,12,6,25,sample,,,,
M04,SP20314,HF014 [2],CS02ALK_02,CS02ALK_02,1,mg_mL,HF009,Q2,25,1,ug_ml,L07,12,7,25,sample,,,,
M06,SP20314,HF014 [2],SN01HEX_04,SN01HEX_04,1,mg_mL,HF009,Q2,25,1,ug_ml,L08,12,8,25,sample,,,,
M08,SP20314,HF014 [2],WS04HEX_02,WS04HEX_02,1,mg_mL,HF009,Q2,25,1,ug_ml,L09,12,9,25,sample,,,,
M10,SP20314,HF014 [2],WS04ACAQ_02,WS04ACAQ_02,1,mg_mL,HF009,Q2,25,1,ug_ml,L10,12,10,25,sample,,,,
M12,SP20314,HF014 [2],HC04ALK_04,HC04ALK_04,1,mg_mL,HF009,Q2,25,1,ug_ml,L11,12,11,25,sample,,,,
M14,SP20314,HF014 [2],STO1HEX_04,STO1HEX_04,1,mg_mL,HF009,Q2,25,1,ug_ml,L12,12,12,25,sample,,,,
M16,SP20314,HF014 [2],HC02HEX_02,HC02HEX_02,1,mg_mL,HF009,Q2,25,1,ug_ml,L13,12,13,25,sample,,,,
M18,SP20314,HF014 [2],AA01ALK_04,AA01ALK_04,1,mg_mL,HF009,Q2,25,1,ug_ml,L14,12,14,25,sample,,,,
M20,SP20314,HF014 [2],WS02ALK_02,WS02ALK_02,1,mg_mL,HF009,Q2,25,1,ug_ml,L15,12,15,25,sample,,,,
M22,SP20314,HF014 [2],WS02ACAQ_02,WS02ACAQ_02,1,mg_mL,HF009,Q2,25,1,ug_ml,L16,12,16,25,sample,,,,
N04,SP20314,HF014 [2],SITOSTEROL;_B-,SITOSTEROL;_B-,1,mM,Chromadex-Q2,Q4,25,1,uM,L19,12,19,25,sample,,,,
N05,SP20314,HF014 [2],GINKGOLIDE_J,GINKGOLIDE_J,1,mM,Chromadex-Q1,Q3,25,1,uM,L20,12,20,25,sample,,,,
N06,SP20314,HF014 [2],SOLANESOL2,SOLANESOL2,1,mM,Chromadex-Q2,Q4,25,1,uM,L21,12,21,25,sample,,,,
N07,SP20314,HF014 [2],GINSENOSIDE_Rg3(R-FORM),GINSENOSIDE_Rg3(R-FORM),1,mM,Chromadex-Q1,Q3,25,1,uM,L22,12,22,25,sample,,,,
L21,SP20314,HF014 [2],GINKGOLIDE_C,GINKGOLIDE_C,1,mM,Chromadex-Q1,Q3,25,1,uM,L23,12,23,25,sample,,,,
N01,SP20314,HF014 [2],HC02HEX_04,HC02HEX_04,1,mg_mL,HF009-Hrow,Q3,25,1,ug_ml,L24,12,24,25,sample,,,,
N03,SP20314,HF014 [2],GINKGOLIDE_B,GINKGOLIDE_B,1,mM,Chromadex-Q1,Q3,25,1,uM,M01,13,1,25,sample,,,,
N12,SP20314,HF014 [2],STEVIOL,STEVIOL,1,mM,Chromadex-Q2,Q4,25,1,uM,M02,13,2,25,sample,,,,
N13,SP20314,HF014 [2],GLUCOTROPAEOLIN_POTASSIUM_SALT,GLUCOTROPAEOLIN_POTASSIUM_SALT,1,mM,Chromadex-Q1,Q3,25,1,uM,M04,13,4,25,sample,,,,
N14,SP20314,HF014 [2],STIGMASTANOL,STIGMASTANOL,1,mM,Chromadex-Q2,Q4,25,1,uM,M05,13,5,25,sample,,,,
N16,SP20314,HF014 [2],SWERTISIN,SWERTISIN,1,mM,Chromadex-Q2,Q4,25,1,uM,M07,13,7,25,sample,,,,
N17,SP20314,HF014 [2],GLYCYRRHIZIC_ACID,GLYCYRRHIZIC_ACID,1,mM,Chromadex-Q1,Q3,25,1,uM,M08,13,8,25,sample,,,,
N18,SP20314,HF014 [2],SYNEPHRINE,SYNEPHRINE,1,mM,Chromadex-Q2,Q4,25,1,uM,M09,13,9,25,sample,,,,
N19,SP20314,HF014 [2],GLYCYRRHIZIC_ACID_AMMONIUM_SALT,GLYCYRRHIZIC_ACID_AMMONIUM_SALT,1,mM,Chromadex-Q1,Q3,25,1,uM,M10,13,10,25,sample,,,,
N20,SP20314,HF014 [2],TETRACOSANOL;_1,TETRACOSANOL;_1,1,mM,Chromadex-Q2,Q4,25,1,uM,M11,13,11,25,sample,,,,
N22,SP20314,HF014 [2],TETRAHYDROPALMATINE;_DL,TETRAHYDROPALMATINE;_DL,1,mM,Chromadex-Q2,Q4,25,1,uM,M13,13,13,25,sample,,,,
O04,SP20314,HF014 [2],CS02ALK_03,CS02ALK_03,1,mg_mL,HF009,Q2,25,1,ug_ml,M14,13,14,25,sample,,,,
O06,SP20314,HF014 [2],SN01ALK_01,SN01ALK_01,1,mg_mL,HF009,Q2,25,1,ug_ml,M15,13,15,25,sample,,,,
O08,SP20314,HF014 [2],WS04HEX_03,WS04HEX_03,1,mg_mL,HF009,Q2,25,1,ug_ml,M16,13,16,25,sample,,,,
O12,SP20314,HF014 [2],ST01ALK_01,ST01ALK_01,1,mg_mL,HF009,Q2,25,1,ug_ml,M18,13,18,25,sample,,,,
O14,SP20314,HF014 [2],ST01ACAQ_01,ST01ACAQ_01,1,mg_mL,HF009,Q2,25,1,ug_ml,M19,13,19,25,sample,,,,
O16,SP20314,HF014 [2],HC02HEX_03,HC02HEX_03,1,mg_mL,HF009,Q2,25,1,ug_ml,M20,13,20,25,sample,,,,
O18,SP20314,HF014 [2],AA01HEX_01,AA01HEX_01,1,mg_mL,HF009,Q2,25,1,ug_ml,M21,13,21,25,sample,,,,
O20,SP20314,HF014 [2],WS02ALK_03,WS02ALK_03,1,mg_mL,HF009,Q2,25,1,ug_ml,M22,13,22,25,sample,,,,
N15,SP20314,HF014 [2],GLYCYRRHETINIC_ACID;_18a-2,GLYCYRRHETINIC_ACID;_18a-2,1,mM,Chromadex-Q1,Q3,25,1,uM,M23,13,23,25,sample,,,,
N21,SP20314,HF014 [2],GUGGULSTERONE_E,GUGGULSTERONE_E,1,mM,Chromadex-Q1,Q3,25,1,uM,M24,13,24,25,sample,,,,
O10,SP20314,HF014 [2],HC04HEX_01,HC04HEX_01,1,mg_mL,HF009,Q2,25,1,ug_ml,N01,14,1,25,sample,,,,
P06,SP20314,HF014 [2],THEANINE;_L,THEANINE;_L,1,mM,Chromadex-Q2,Q4,25,1,uM,N02,14,2,25,sample,,,,
P04,SP20314,HF014 [2],TETRANDRINE,TETRANDRINE,1,mM,Chromadex-Q2,Q4,25,1,uM,N03,14,3,25,sample,,,,
P05,SP20314,HF014 [2],HARPAGOSIDE,HARPAGOSIDE,1,mM,Chromadex-Q1,Q3,25,1,uM,N04,14,4,25,sample,,,,
P07,SP20314,HF014 [2],HEDERACOSIDE_C,HEDERACOSIDE_C,1,mM,Chromadex-Q1,Q3,25,1,uM,N06,14,6,25,sample,,,,
P08,SP20314,HF014 [2],THEOPHYLLINE,THEOPHYLLINE,1,mM,Chromadex-Q2,Q4,25,1,uM,N07,14,7,25,sample,,,,
P09,SP20314,HF014 [2],HERBACETIN-3;8-DIGLUCOPYRANOSIDE,HERBACETIN-3;8-DIGLUCOPYRANOSIDE,1,mM,Chromadex-Q1,Q3,25,1,uM,N08,14,8,25,sample,,,,
P10,SP20314,HF014 [2],TOMATINE,TOMATINE,1,mM,Chromadex-Q2,Q4,25,1,uM,N09,14,9,25,sample,,,,
P11,SP20314,HF014 [2],HESPERETIN,HESPERETIN,1,mM,Chromadex-Q1,Q3,25,1,uM,N10,14,10,25,sample,,,,
P12,SP20314,HF014 [2],TILIROSIDE,TILIROSIDE,1,mM,Chromadex-Q2,Q4,25,1,uM,N11,14,11,25,sample,,,,
P13,SP20314,HF014 [2],HESPERIDIN,HESPERIDIN,1,mM,Chromadex-Q1,Q3,25,1,uM,N12,14,12,25,sample,,,,
P14,SP20314,HF014 [2],TRIFOLIRHIZIN,TRIFOLIRHIZIN,1,mM,Chromadex-Q2,Q4,25,1,uM,N13,14,13,25,sample,,,,
P15,SP20314,HF014 [2],HOMOHARRINGTONINE,HOMOHARRINGTONINE,1,mM,Chromadex-Q1,Q3,25,1,uM,N14,14,14,25,sample,,,,
P17,SP20314,HF014 [2],HOMOORIENTIN(ISOORIENTIN),HOMOORIENTIN(ISOORIENTIN),1,mM,Chromadex-Q1,Q3,25,1,uM,N16,14,16,25,sample,,,,
P18,SP20314,HF014 [2],TUBEROSTEMONINE,TUBEROSTEMONINE,1,mM,Chromadex-Q2,Q4,25,1,uM,N17,14,17,25,sample,,,,
P19,SP20314,HF014 [2],HONOKIOL,HONOKIOL,1,mM,Chromadex-Q1,Q3,25,1,uM,N18,14,18,25,sample,,,,
P20,SP20314,HF014 [2],TYPHANEOSIDE,TYPHANEOSIDE,1,mM,Chromadex-Q2,Q4,25,1,uM,N19,14,19,25,sample,,,,
P21,SP20314,HF014 [2],HUPERZINE_A,HUPERZINE_A,1,mM,Chromadex-Q1,Q3,25,1,uM,N20,14,20,25,sample,,,,
P22,SP20314,HF014 [2],TRICIN,TRICIN,1,mM,Chromadex-Q2,Q4,25,1,uM,N21,14,21,25,sample,,,,
P03,SP20314,HF014 [2],GUGGULSTERONE_Z,GUGGULSTERONE_Z,1,mM,Chromadex-Q1,Q3,25,1,uM,N22,14,22,25,sample,,,,
P16,SP20314,HF014 [2],TRIGONELLINE2,TRIGONELLINE2,1,mM,Chromadex-Q2,Q4,25,1,uM,N23,14,23,25,sample,,,,
I22,SP20314,HF014 [2],WS02HEX_04,WS02HEX_04,1,mg_mL,HF009,Q2,25,1,ug_ml,N24,14,24,25,sample,,,,
I20,SP20314,HF014 [2],AA01ACAQ_02,AA01ACAQ_02,1,mg_mL,HF009,Q2,25,1,ug_ml,O01,15,1,25,sample,,,,
I18,SP20314,HF014 [2],AA01ALK_02,AA01ALK_02,1,mg_mL,HF009,Q2,25,1,ug_ml,O02,15,2,25,sample,,,,
P01,SP20314,HF014 [2],AA01HEX_02,AA01HEX_02,1,mg_mL,HF009-Hrow,Q3,25,1,ug_ml,O03,15,3,25,sample,,,,
O22,SP20314,HF014 [2],WS02ALK_04,WS02ALK_04,1,mg_mL,HF009-H10,Q2,25,1,ug_ml,O04,15,4,25,sample,,,,
N08,SP20314,HF014 [2],STEVIOLBIOSIDE,STEVIOLBIOSIDE,1,mM,Chromadex-Q2,Q4,25,1,uM,O05,15,5,25,sample,,,,
N09,SP20314,HF014 [2],GLAUCINE_HBR2,GLAUCINE_HBR2,1,mM,Chromadex-Q1,Q3,25,1,uM,O06,15,6,25,sample,,,,
N10,SP20314,HF014 [2],STEVIOSIDE,STEVIOSIDE,1,mM,Chromadex-Q2,Q4,25,1,uM,O07,15,7,25,sample,,,,
N11,SP20314,HF014 [2],GLUCOCHEIROLIN,GLUCOCHEIROLIN,1,mM,Chromadex-Q1,Q3,25,1,uM,O08,15,8,25,sample,,,,
L15,SP20314,HF014 [2],GINKGOLIC_ACID_I,GINKGOLIC_ACID_I,1,mM,Chromadex-Q1,Q3,25,1,uM,O09,15,9,25,sample,,,,
L16,SP20314,HF014 [2],SENNOSIDE_B,SENNOSIDE_B,1,mM,Chromadex-Q2,Q4,25,1,uM,O10,15,10,25,sample,,,,
L17,SP20314,HF014 [2],GINKGOLIC_ACID_II,GINKGOLIC_ACID_II,1,mM,Chromadex-Q1,Q3,25,1,uM,O11,15,11,25,sample,,,,
L18,SP20314,HF014 [2],SILYBIN_(A_and_B),SILYBIN_(A_and_B),1,mM,Chromadex-Q2,Q4,25,1,uM,O12,15,12,25,sample,,,,
B02,SP20314,HF014 [2],JM-SelectComp(OxazininA),JM-SelectComp(OxazininA),1,mM,PickPlate,Q4,25,1,uM,O13,15,13,25,sample,,,,
K04,SP20314,HF014 [2],CS02ALK_01,CS02ALK_01,1,mg_mL,HF009,Q2,25,1,ug_ml,O14,15,14,25,sample,,,,
K06,SP20314,HF014 [2],SN01HEX_03,SN01HEX_03,1,mg_mL,HF009,Q2,25,1,ug_ml,O15,15,15,25,sample,,,,
K08,SP20314,HF014 [2],WS04HEX_01,WS04HEX_01,1,mg_mL,HF009,Q2,25,1,ug_ml,O16,15,16,25,sample,,,,
J01,SP20314,HF014 [2],ST01ALK_02,ST01ALK_02,1,mg_mL,HF009-Hrow,Q3,25,1,ug_ml,O17,15,17,25,sample,,,,
H08,SP20314,HF014 [2],PUERARIN,PUERARIN,1,mM,Chromadex-Q2,Q4,25,1,uM,O22,15,22,25,sample,,,,
H07,SP20314,HF014 [2],CORYNOLINE,CORYNOLINE,1,mM,Chromadex-Q1,Q3,25,1,uM,O23,15,23,25,sample,,,,
F18,SP20314,HF014 [2],OXYMATRINE,OXYMATRINE,1,mM,Chromadex-Q2,Q4,25,1,uM,O24,15,24,25,sample,,,,
E08,SP20314,HF014 [2],SN01ALK_04,SN01ALK_04,1,mg_mL,HF009,Q2,25,1,ug_ml,P01,16,1,25,sample,,,,
C22,SP20314,HF014 [2],WS02HEX_01,WS02HEX_01,1,mg_mL,HF009,Q2,25,1,ug_ml,P02,16,2,25,sample,,,,
H10,SP20314,HF014 [2],PIPERLONGUMINE,PIPERLONGUMINE,1,mM,Chromadex-Q2,Q4,25,1,uM,P03,16,3,25,sample,,,,
H09,SP20314,HF014 [2],COSTUNOLIDE,COSTUNOLIDE,1,mM,Chromadex-Q1,Q3,25,1,uM,P04,16,4,25,sample,,,,
F15,SP20314,HF014 [2],CHAMISSONOLIDE,CHAMISSONOLIDE,1,mM,Chromadex-Q1,Q3,25,1,uM,P05,16,5,25,sample,,,,
F16,SP20314,HF014 [2],ORIENTIN,ORIENTIN,1,mM,Chromadex-Q2,Q4,25,1,uM,P06,16,6,25,sample,,,,
F17,SP20314,HF014 [2],CHELERYTHRINE_CHLORIDE,CHELERYTHRINE_CHLORIDE,1,mM,Chromadex-Q1,Q3,25,1,uM,P07,16,7,25,sample,,,,
E04,SP20314,HF014 [2],CS02HEX_02,CS02HEX_02,1,mg_mL,HF009,Q2,25,1,ug_ml,P09,16,9,25,sample,,,,
E05,SP20314,HF014 [2],CYSTATHIONINE;_L,CYSTATHIONINE;_L,1,mM,Chromadex-Q3 final4,Q1,25,1,uM,P10,16,10,25,sample,,,,
E06,SP20314,HF014 [2],CS02ACAQ_02,CS02ACAQ_02,1,mg_mL,HF009,Q2,25,1,ug_ml,P11,16,11,25,sample,,,,
E07,SP20314,HF014 [2],CYTISINE(LABURNIN),CYTISINE(LABURNIN),1,mM,Chromadex-Q3 final4,Q1,25,1,uM,P12,16,12,25,sample,,,,
E09,SP20314,HF014 [2],RLUS-2088-D2,RLUS-2088-D2,1,mM,Chromadex-Q3 final4,Q1,25,1,uM,P14,16,14,25,sample,,,,
C20,SP20314,HF014 [2],AA01HEX_03,AA01HEX_03,1,mg_mL,HF009,Q2,25,1,ug_ml,P15,16,15,25,sample,,,,
C21,SP20314,HF014 [2],XANTHOTOXIN,XANTHOTOXIN,1,mM,Chromadex-Q3,Q1,25,1,uM,P16,16,16,25,sample,,,,
D01,SP20314,HF014 [2],SN01ALK_02,SN01ALK_02,1,mg_mL,HF009-Hrow,Q3,25,1,ug_ml,P18,16,18,25,sample,,,,
D03,SP20314,HF014 [2],BAICALIN,BAICALIN,1,mM,Chromadex-Q1,Q3,25,1,uM,P19,16,19,25,sample,,,,
B14,SP20314,HF014 [2],JATRORRHIZINE,JATRORRHIZINE,1,mM,Chromadex-Q2,Q4,25,1,uM,P20,16,20,25,sample,,,,
B15,SP20314,HF014 [2],APIIN,APIIN,1,mM,Chromadex-Q1,Q3,25,1,uM,P21,16,21,25,sample,,,,
B16,SP20314,HF014 [2],ARISTOLOCHIC_ACID_B,ARISTOLOCHIC_ACID_B,1,mM,Chromadex-Q2,Q4,25,1,uM,P22,16,22,25,sample,,,,
C07,SP20314,HF014 [2],VERARINE,VERARINE,1,mM,Chromadex-Q3,Q1,25,1,uM,P23,16,23,25,sample,,,,
A02,SP7227,M92267 [1],DMSO,,,,,,,,,A01,1,1,25,,,,,
A19,SP7227,M92267 [1],A1210477,A1210477,2.5,mM,,,10,1,uM,A02,1,2,25,sample,A_1210477;_A-1210477,Apoptosis,Apoptosis; BCL,Bcl-2 Family; Apoptosis; Mcl-1
A03,SP7227,M92267 [1],Pemirolast_potassium,Pemirolast_potassium,2.5,mM,,,10,1,uM,A03,1,3,25,sample,BMY_26517;_TWT-8152,GPCR/G Protein; Immunology/Inflammation; Neuroscience,Histamine Receptor,H1 receptor; Histamine Receptor
A23,SP7227,M92267 [1],DMSO,,,,,,,,,A04,1,4,25,,,,,
A05,SP7227,M92267 [1],Fosbretabulin_Disodium,Fosbretabulin_Disodium,2.5,mM,,,10,1,uM,A05,1,5,25,sample,CA_4P;_Combretastatin_A4_disodium_phosphate;_CA_4DP;_Fosbretabulin_(Combretastatin_A4_Phosphate_(CA4P))_Disodium;_Combretastatin_A4_Phosphate,Apoptosis; Cytoskeletal Signaling,Apoptosis; Microtubule Associated,Microtubule/Tubulin; Apoptosis; Tubulin
A06,SP7227,M92267 [1],Adenosine_5'-triphosphate_disodium_salt,Adenosine_5'-triphosphate_disodium_salt,2.5,mM,,,10,1,uM,A06,1,6,25,sample,ATP_disodium_salt;_Disodium_adenosine_triphosphate;_ATP;_Adenosine-Triphosphate;_ATP_disodium;_Adetide,Membrane Transporter/Ion Channel; Metabolism,Endogenous Metabolite; P2X Receptor,Endogenous Metabolite; P2X Receptor
A07,SP7227,M92267 [1],Ectoine,Ectoine,2.5,mM,,,10,1,uM,A07,1,7,25,sample,THP(B);_L-Ectoine,Microbiology/virology,Antibacterial,Bacterial
A08,SP7227,M92267 [1],Sodium_phytate_hydrate,Sodium_phytate_hydrate,2.5,mM,,,10,1,uM,A08,1,8,25,sample,,Others,Others,iron chelator
A09,SP7227,M92267 [1],4-Hydroxyisoleucine,4-Hydroxyisoleucine,2.5,mM,,,10,1,uM,A09,1,9,25,sample,4-​Hydroxy-​L-​isoleucine,Others,Others,Others
A10,SP7227,M92267 [1],DL-Methionine_Methylsulfonium_Chloride,DL-Methionine_Methylsulfonium_Chloride,2.5,mM,,,10,1,uM,A10,1,10,25,sample,,Others,Others,Others
A11,SP7227,M92267 [1],S-Methyl-L-cysteine,S-Methyl-L-cysteine,2.5,mM,,,10,1,uM,A11,1,11,25,sample,S-Methylcysteine,Immunology/Inflammation; oxidation-reduction,Antioxidant; ROS,Antioxidant; Reactive Oxygen Species
A12,SP7227,M92267 [1],Fosfructose_trisodium,Fosfructose_trisodium,2.5,mM,,,10,1,uM,A12,1,12,25,sample,D-Fructose-1;6-diphosphate_trisodium_salt_octahydrate;_Diphosphofructose_trisodium;_Esafosfan_trisodium;_FDP_trisodium,Metabolism,Endogenous Metabolite,Endogenous Metabolite
A13,SP7227,M92267 [1],DL-Serine,DL-Serine,2.5,mM,,,10,1,uM,A13,1,13,25,sample,,Metabolism,PKM,pyruvate kinase
A14,SP7227,M92267 [1],Azasetron_hydrochloride,Azasetron_hydrochloride,2.5,mM,,,10,1,uM,A14,1,14,25,sample,Y-25130_hydrochloride;_Azasetron_HCl;_Y-25130_HCl,GPCR/G Protein; Neuroscience,5-HT Receptor,5-HT Receptor; 5-HT3
A15,SP7227,M92267 [1],Pirenzepine_dihydrochloride,Pirenzepine_dihydrochloride,2.5,mM,,,10,1,uM,A15,1,15,25,sample,LS519;_Tabe;_Pirenzepine_HCl;_Bisvanil,Neuroscience,AChR,mAChR
A16,SP7227,M92267 [1],Dimemorfan_phosphate,Dimemorfan_phosphate,2.5,mM,,,10,1,uM,A16,1,16,25,sample,3;17-dimethylmorphinan,GPCR/G Protein,Sigma receptor,Sigma Receptor; σ1
A17,SP7227,M92267 [1],Diquafosol_tetrasodium,Diquafosol_tetrasodium,2.5,mM,,,10,1,uM,A17,1,17,25,sample,INS365,Neuroscience,P2 Receptor,P2Y Receptor; P2Y2 receptor
A18,SP7227,M92267 [1],Proflavine_Hemisulfate,Proflavine_Hemisulfate,2.5,mM,,,10,1,uM,A18,1,18,25,sample,3;6-Diaminoacridine_hemisulfate;_Proflavin_hemisulfate,Autophagy; DNA Damage/DNA Repair; Membrane transporter/Ion channel; Microbiology/virology; Proteases/Proteasome,Antibacterial; Autophagy; DNA; Potassium Channel; Thrombin,Bacterial; Potassium Channel; Autophagy; DNA mutation; LfrR; QacR; Thrombin
A24,SP7227,M92267 [1],DMSO,,,,,,,,,A19,1,19,25,,,,,
A20,SP7227,M92267 [1],S-allyl-L-cysteine,S-allyl-L-cysteine,2.5,mM,,,10,1,uM,A20,1,20,25,sample,S-Allylcysteine,Apoptosis,Apoptosis,Apoptosis
A21,SP7227,M92267 [1],Chlorophyllin,Chlorophyllin,2.5,mM,,,10,1,uM,A21,1,21,25,sample,Chlorophyllin_coppered_trisodium_salt;_Sodium-copper_chlorin_e6;_Chlorophyllin_copper_sodium_complex;_Chlorophyllin_sodium_copper_salt,Others,Others,mutagens
A22,SP7227,M92267 [1],Biapenem,Biapenem,2.5,mM,,,10,1,uM,A22,1,22,25,sample,L_627;_LJC_10627;_CLI_86815;_Biapenern;_Omegacin,Microbiology/virology,Antibacterial; Antibiotic,Antibacterial; Bacterial; Antibiotic
A04,SP7227,M92267 [1],Tobramycin,Tobramycin,2.5,mM,,,10,1,uM,A23,1,23,25,sample,Deoxykanamycin_B;_Nebramycin_Factor_6;_NSC_180514,Microbiology/virology,Antibacterial; Antibiotic; ribosome,30S ribosome; Bacterial; Antibiotic
B02,SP7227,M92267 [1],DMSO+PMA,,,,,,,,,B01,2,1,25,,,,,
C07,SP7227,M92267 [1],L-Arginine,L-Arginine,2.5,mM,,,10,1,uM,B02,2,2,25,sample,(S)-(+)-Arginine;_L-Arg,Immunology/Inflammation; Metabolism,Endogenous Metabolite; IL Receptor; NO Synthase,IL-2; NO Synthase; Endogenous Metabolite
B03,SP7227,M92267 [1],Fudosteine,Fudosteine,2.5,mM,,,10,1,uM,B03,2,3,25,sample,,Others,others,MUC5AC mucin hypersecretion
B04,SP7227,M92267 [1],Amprolium_Hydrochloride,Amprolium_Hydrochloride,2.5,mM,,,10,1,uM,B04,2,4,25,sample,Amprolium_HCl;_Amprolio;_Amprovine,Microbiology/virology,Parasite,Parasite
B05,SP7227,M92267 [1],Perifosine,Perifosine,2.5,mM,,,10,1,uM,B05,2,5,25,sample,D21266;_NSC_639966;_KRX-0401,Apoptosis; Autophagy; Cytoskeletal Signaling; PI3K/Akt/mTOR signaling,Akt; Apoptosis; Autophagy,Akt; Autophagy; Apoptosis
B06,SP7227,M92267 [1],Eprodisate_disodium,Eprodisate_disodium,2.5,mM,,,10,1,uM,B06,2,6,25,sample,NC-503,Others,others,fibrillogenesis
B07,SP7227,M92267 [1],Isepamicin_sulfate,Isepamicin_sulfate,2.5,mM,,,10,1,uM,B07,2,7,25,sample,Isepamicin_Sulphate;_Isepamicine_(Isepamycin;_sch21420)_Sulphate;_Isepacin,Microbiology/virology,Antibacterial; Antibiotic,Antibacterial; Bacterial; Antibiotic
B08,SP7227,M92267 [1],Apramycin_sulfate,Apramycin_sulfate,2.5,mM,,,10,1,uM,B08,2,8,25,sample,Nebramycin_II;_Ai3-29795,Microbiology/virology,Antibacterial; Antibiotic,16S rRNA; Bacterial; Antibiotic
B09,SP7227,M92267 [1],Mildronate,Mildronate,2.5,mM,,,10,1,uM,B09,2,9,25,sample,Meldonium;_Quaterin;_Kvaterin,Metabolism,Hydroxylase,Dopamine (beta)-hydroxylase
B10,SP7227,M92267 [1],Disodium_clodronate_tetrahydrate,Disodium_clodronate_tetrahydrate,2.5,mM,,,10,1,uM,B10,2,10,25,sample,Clodronate_disodium_tetrahydrate;_clodronic_acid_disodium_tetrahydrate;_Clodronate_disodium;_Clastoban,Apoptosis; Immunology/Inflammation,IL Receptor; TNF,IL-1(beta); IL-6; TNF-α
B11,SP7227,M92267 [1],L-Theanine,L-Theanine,2.5,mM,,,10,1,uM,B11,2,11,25,sample,,Apoptosis,Apoptosis,Apoptosis
B12,SP7227,M92267 [1],Ethylenebis(oxyethylenenitrilo)tetraacet,Ethylenebis(oxyethylenenitrilo)tetraacet,2.5,mM,,,10,1,uM,B12,2,12,25,sample,,Others,Others,Others
B13,SP7227,M92267 [1],L-BUTHIONINE-(S;R)-SULFOXIMINE,L-BUTHIONINE-(S;R)-SULFOXIMINE,2.5,mM,,,10,1,uM,B13,2,13,25,sample,L-Butionine_sulfoximine,Apoptosis; Cell Cycle/Checkpoint,Ferroptosis,Ferroptosis; γ-glutamylcysteine synthetase
B14,SP7227,M92267 [1],Mildronate_dihydrate,Mildronate_dihydrate,2.5,mM,,,10,1,uM,B14,2,14,25,sample,Mildronate;_Meldonium,Others,Others,GBB hydroxylase
B15,SP7227,M92267 [1],Piperaquine_tetraphosphate_tetrahydrate,Piperaquine_tetraphosphate_tetrahydrate,2.5,mM,,,10,1,uM,B15,2,15,25,sample,,Microbiology/virology,Parasite,Parasite
B16,SP7227,M92267 [1],Sodium_succinate,Sodium_succinate,2.5,mM,,,10,1,uM,B16,2,16,25,sample,Disodium_succinate,Others,Others,Others
B17,SP7227,M92267 [1],Ibandronate_sodium_monohydrate,Ibandronate_sodium_monohydrate,2.5,mM,,,10,1,uM,B17,2,17,25,sample,RPR-102289A;_BM-210955;_Ibandronate_sodium;_BM-21.0955;_Bondronat_monohydrate;_Boniva_monohydrate,Apoptosis,Apoptosis,Apoptosis
B18,SP7227,M92267 [1],D;L-Buthionine-(S;R)-sulfoximine,D;L-Buthionine-(S;R)-sulfoximine,2.5,mM,,,10,1,uM,B18,2,18,25,sample,Butionine_sulfoximine;_NSC_381100,Apoptosis; Cell Cycle/Checkpoint,Ferroptosis,Ferroptosis; γ-glutamylcysteine synthetase
B19,SP7227,M92267 [1],bpV_(HOpic),bpV_(HOpic),2.5,mM,,,10,1,uM,B19,2,19,25,sample,,PI3K/Akt/mTOR signaling,PTEN,PTEN
B20,SP7227,M92267 [1],LB100,LB100,2.5,mM,,,10,1,uM,B20,2,20,25,sample,LB_100;_LB-100,DNA Damage/DNA Repair; Metabolism,PPAR,PP2A
B21,SP7227,M92267 [1],Taurine,Taurine,2.5,mM,,,10,1,uM,B21,2,21,25,sample,2-Aminoethanesulfonic_acid,Autophagy; Metabolism,Autophagy; Endogenous Metabolite; LDL,Autophagy; Endogenous Metabolite; LDL; VLDL
B22,SP7227,M92267 [1],Edetate Trisodium,Edetate Trisodium,2.5,mM,,,10,1,uM,B22,2,22,25,sample,Trisodium_EDTA;_EDTA_trisodium_salt;_Ethylenediaminetetraacetic_acid_trisodium_salt;_Edetate_Trisodium;_EDTA_Trisodium;_ethylenediaminetetraacetic_acid_Trisodium,Apoptosis; Cell Cycle/Checkpoint,Ferroptosis,Ferroptosis; metal ion
B24,SP7227,M92267 [1],DMSO+PMA,,,,,,,,,B24,2,24,25,,,,,
C06,SP7227,M92267 [1],isoleucine,isoleucine,2.5,mM,,,10,1,uM,C02,3,2,25,sample,L-Isoleucine;_Ile,Metabolism,Amino Acids and Derivatives; Endogenous Metabolite,Amino Acids and Derivatives; Endogenous Metabolite
C03,SP7227,M92267 [1],Sodium_Oxamate,Sodium_Oxamate,2.5,mM,,,10,1,uM,C03,3,3,25,sample,SO;_oxamate_sodium;_Aminooxoacetic_acid_sodium_salt;_Oxamic_acid_sodium_salt,Apoptosis; Cell Cycle/Checkpoint; Metabolism,Apoptosis; CDK; Dehydrogenase,LDH; CDK; Apoptosis
C04,SP7227,M92267 [1],Sodium_L-ascorbyl-2-phosphate,Sodium_L-ascorbyl-2-phosphate,2.5,mM,,,10,1,uM,C04,3,4,25,sample,2-Phospho-L-ascorbic_acid_trisodium_salt;_L-Ascorbic_acid_2-phosphate_trisodium_salt;_Sodium_ascorbyl_monophosphate;_Sodium_ascorbyl_phosphate,Immunology/Inflammation; Metabolism; Tyrosine Kinase/Adaptors,c-Met/HGFR; Endogenous Metabolite; ROS; Vitamin,c-Met/HGFR; Reactive Oxygen Species; Endogenous Metabolite; VC
C05,SP7227,M92267 [1],Calcium_folinate,Calcium_folinate,2.5,mM,,,10,1,uM,C05,3,5,25,sample,Folinic_acid_Calcium;_Leucovorin_Calcium;_Folinic_acid_calcium_salt;_Wellcovorin,Cell Cycle/Checkpoint; DNA Damage/DNA Repair; Metabolism,Antifolate; DNA/RNA Synthesis; Endogenous Metabolite; Vitamin,Antifolate; Endogenous Metabolite; Thymidylate synthase; VB
C02,SP7227,M92267 [1],DMSO+PMA,,,,,,,,,C06,3,6,,,,,,
B23,SP7227,M92267 [1],DMSO,,,,,,,,,C07,3,7,25,,,,,
C08,SP7227,M92267 [1],L-Valine,L-Valine,2.5,mM,,,10,1,uM,C08,3,8,25,sample,,Metabolism,Endogenous Metabolite,Endogenous Metabolite
C09,SP7227,M92267 [1],threonine,threonine,2.5,mM,,,10,1,uM,C09,3,9,25,sample,L-Threonine,Metabolism,Endogenous Metabolite,Endogenous Metabolite
C10,SP7227,M92267 [1],2'-DEOXYCYTIDINE-5'-TRIPHOSPHATE_TRISODI,2'-DEOXYCYTIDINE-5'-TRIPHOSPHATE_TRISODI,2.5,mM,,,10,1,uM,C10,3,10,25,sample,,Cell Cycle/Checkpoint; DNA Damage/DNA Repair; Metabolism; Microbiology/virology,Antibiotic; DNA/RNA Synthesis; Endogenous Metabolite; Nucleoside Antimetabolite/Analog,antibiotic; DNA/RNA Synthesis; Nucleoside Antimetabolite/Analog; Endogenous Metabolite
C11,SP7227,M92267 [1],1-Palmitoyl-sn-glycero-3-phosphocholine,1-Palmitoyl-sn-glycero-3-phosphocholine,2.5,mM,,,10,1,uM,C11,3,11,25,sample,1-Hexadecanoyl-sn-glycero-3-phosphocholine,Others,Others,Others
C12,SP7227,M92267 [1],Azaphen,Azaphen,2.5,mM,,,10,1,uM,C12,3,12,25,sample,Azafen;__Pipofezin_hydrochloride;__Pipofezine_hydrochloride,GPCR/G Protein; Neuroscience,5-HT Receptor; Serotonin Transporter,serotonin reuptake; Serotonin Transporter
C13,SP7227,M92267 [1],Calcium_N5-methyltetrahydrofolate,Calcium_N5-methyltetrahydrofolate,2.5,mM,,,10,1,uM,C13,3,13,25,sample,NSC173328,Cell Cycle/Checkpoint,Antifolate,Antifolate
C23,SP7227,M92267 [1],DMSO,,,,,,,,,C14,3,14,25,,,,,
C15,SP7227,M92267 [1],DL-AP5,DL-AP5,2.5,mM,,,10,1,uM,C15,3,15,25,sample,,Neuroscience,NMDAR,NMDA
C16,SP7227,M92267 [1],CTP_disodium_dihydrate,CTP_disodium_dihydrate,2.5,mM,,,10,1,uM,C16,3,16,25,sample,,Others,Others,P2X4 purinergic receptor 
C17,SP7227,M92267 [1],5'-Guanylic_acid,5'-Guanylic_acid,2.5,mM,,,10,1,uM,C17,3,17,25,sample,5'-GMP;_5'-guanosine_monophosphate,Metabolism,Endogenous Metabolite,Endogenous Metabolite; Human Endogenous Metabolite
C18,SP7227,M92267 [1],(R)-Pregabalin,(R)-Pregabalin,2.5,mM,,,10,1,uM,C18,3,18,25,sample,(3R)-3-(Aminomethyl)-5-methylhexanoic_acid,Others,Others,Others
C19,SP7227,M92267 [1],Cyclic_AMP,Cyclic_AMP,2.5,mM,,,10,1,uM,C19,3,19,25,sample,Cyclic_3';5'-monophosphate_adenosine;_Adenosine_3';5'-cyclophosphate;_cAMP;_Adenosine_Cyclophosphate;_3';5'-AMP,Metabolism,Endogenous Metabolite,Endogenous Metabolite
C20,SP7227,M92267 [1],L-Asparagine,L-Asparagine,2.5,mM,,,10,1,uM,C20,3,20,25,sample,Asn;_Asparamide;_(-)-Asparagine;_2-Aminosuccinamic_acid;_alpha-aminosuccinamic_acid;_Altheine,Metabolism,Endogenous Metabolite,Endogenous Metabolite
C21,SP7227,M92267 [1],Baclofen,Baclofen,2.5,mM,,,10,1,uM,C21,3,21,25,sample,Lioresal,Membrane transporter/Ion channel; Neuroscience,GABA Receptor,GABA Receptor; GABAR
C24,SP7227,M92267 [1],DMSO+PMA,,,,,,,,,C22,3,22,25,,,,,
C14,SP7227,M92267 [1],Feruloylputrescine,Feruloylputrescine,2.5,mM,,,10,1,uM,C23,3,23,25,sample,Subaphyllin,Others,Others,Others
C22,SP7227,M92267 [1],Levodopa,Levodopa,2.5,mM,,,10,1,uM,C24,3,24,25,sample,3;4-Dihydroxyphenylalanine;_L-DOPA,GPCR/G Protein; Metabolism; Neuroscience,Dopamine Receptor; Endogenous Metabolite,Dopamine; Dopamine Receptor; Endogenous Metabolite
D02,SP7227,M92267 [1],DMSO+PMA,,,,,,,,,D01,4,1,25,,,,,
D09,SP7227,M92267 [1],DL-Dopa,DL-Dopa,2.5,mM,,,10,1,uM,D02,4,2,25,sample,,Metabolism,Endogenous Metabolite,Endogenous Metabolite; Human Endogenous Metabolite
D03,SP7227,M92267 [1],L-Aspartic_acid,L-Aspartic_acid,2.5,mM,,,10,1,uM,D03,4,3,25,sample,Asparagic_acid;_Aspatofort,Metabolism,Endogenous Metabolite,Endogenous Metabolite
D04,SP7227,M92267 [1],Guanidoacetic_acid,Guanidoacetic_acid,2.5,mM,,,10,1,uM,D04,4,4,25,sample,2-Guanidinoacetic_acid;_Glycocyamine,Metabolism,Endogenous Metabolite,Endogenous Metabolite
D05,SP7227,M92267 [1],L(+)-Asparagine_monohydrate,L(+)-Asparagine_monohydrate,2.5,mM,,,10,1,uM,D05,4,5,25,sample,,Metabolism,Endogenous Metabolite,Endogenous Metabolite; Human Endogenous Metabolite
D06,SP7227,M92267 [1],Scyllo-Inositol,Scyllo-Inositol,2.5,mM,,,10,1,uM,D06,4,6,25,sample,Scyllitol,Metabolism; Neuroscience,Beta Amyloid; Endogenous Metabolite,amyloid-(beta); Endogenous Metabolite
D07,SP7227,M92267 [1],Dequalinium_chloride,Dequalinium_chloride,2.5,mM,,,10,1,uM,D07,4,7,25,sample,Dequafungan;_Danical;_Decabis,Chromatin/Epigenetic; Cytoskeletal Signaling; Membrane transporter/Ion channel,PKC; Potassium Channel,PKC; Potassium Channel
D08,SP7227,M92267 [1],Dimethyl_biphenyl-4;4'-dicarboxylate,Dimethyl_biphenyl-4;4'-dicarboxylate,2.5,mM,,,10,1,uM,D08,4,8,25,sample,Biphenyl_dimethyl_dicarboxylate,Others,Others,Others
D02,SP7227,M92267 [1],DMSO,,,,,,,,,D09,4,9,25,vehicle_control,,,,
A02,SP7227,M92267 [1],DMSO,,,,,,10,,,A01,1,1,25,vehicle_control,,,,
A23,SP7227,M92267 [1],DMSO,,,,,,10,,,A04,1,4,25,vehicle_control,,,,
A24,SP7227,M92267 [1],DMSO,,,,,,10,,,A19,1,19,25,vehicle_control,,,,
B02,SP7227,M92267 [1],DMSO,,,,,,10,,,B01,2,1,25,vehicle_control,,,,
B23,SP7227,M92267 [1],DMSO,,,,,,10,,,C07,3,7,25,vehicle_control,,,,
B24,SP7227,M92267 [1],DMSO,,,,,,10,,,B24,2,24,25,vehicle_control,,,,
C02,SP7227,M92267 [1],DMSO,,,,,,10,,,C06,3,6,25,vehicle_control,,,,
C23,SP7227,M92267 [1],DMSO,,,,,,10,,,C14,3,14,25,vehicle_control,,,,
C24,SP7227,M92267 [1],DMSO,,,,,,10,,,C22,3,22,25,vehicle_control,,,,
D02,SP7227,M92267 [1],DMSO,,,,,,10,,,D01,4,1,25,vehicle_control,,,,
D02,SP7227,M92267 [1],DMSO,,,,,,10,,,D09,4,9,25,vehicle_control,,,,
D23,SP7227,M92267 [1],DMSO,,,,,,10,,,D18,4,18,25,vehicle_control,,,,
D23,SP7227,M92267 [1],DMSO,,,,,,10,,,D22,4,22,25,vehicle_control,,,,
D24,SP7227,M92267 [1],DMSO,,,,,,10,,,D20,4,20,25,vehicle_control,,,,
D24,SP7227,M92267 [1],DMSO,,,,,,10,,,D24,4,24,25,vehicle_control,,,,
E02,SP7227,M92267 [1],DMSO,,,,,,10,,,E02,5,2,25,vehicle_control,,,,
E02,SP7227,M92267 [1],DMSO,,,,,,10,,,E10,5,10,25,vehicle_control,,,,
E23,SP7227,M92267 [1],DMSO,,,,,,10,,,D10,4,10,25,vehicle_control,,,,
E23,SP7227,M92267 [1],DMSO,,,,,,10,,,E14,5,14,25,vehicle_control,,,,
E24,SP7227,M92267 [1],DMSO,,,,,,10,,,E16,5,16,25,vehicle_control,,,,
F02,SP7227,M92267 [1],DMSO,,,,,,10,,,F04,6,4,25,vehicle_control,,,,
F02,SP7227,M92267 [1],DMSO,,,,,,10,,,F05,6,5,25,vehicle_control,,,,
F23,SP7227,M92267 [1],DMSO,,,,,,10,,,F13,6,13,25,vehicle_control,,,,
F23,SP7227,M92267 [1],DMSO,,,,,,10,,,F14,6,14,25,vehicle_control,,,,
F24,SP7227,M92267 [1],DMSO,,,,,,10,,,F17,6,17,25,vehicle_control,,,,
F24,SP7227,M92267 [1],DMSO,,,,,,10,,,F19,6,19,25,vehicle_control,,,,
G02,SP7227,M92267 [1],DMSO,,,,,,10,,,F10,6,10,25,vehicle_control,,,,
G02,SP7227,M92267 [1],DMSO,,,,,,10,,,G08,7,8,25,vehicle_control,,,,
G23,SP7227,M92267 [1],DMSO,,,,,,10,,,G13,7,13,25,vehicle_control,,,,
G24,SP7227,M92267 [1],DMSO,,,,,,10,,,G16,7,16,25,vehicle_control,,,,
H02,SP7227,M92267 [1],DMSO,,,,,,10,,,H07,8,7,25,vehicle_control,,,,
H02,SP7227,M92267 [1],DMSO,,,,,,10,,,H12,8,12,25,vehicle_control,,,,
H23,SP7227,M92267 [1],DMSO,,,,,,10,,,H16,8,16,25,vehicle_control,,,,
H24,SP7227,M92267 [1],DMSO,,,,,,10,,,H18,8,18,25,vehicle_control,,,,
I02,SP7227,M92267 [1],DMSO,,,,,,10,,,I01,9,1,25,vehicle_control,,,,
I02,SP7227,M92267 [1],DMSO,,,,,,10,,,I02,9,2,25,vehicle_control,,,,
I23,SP7227,M92267 [1],DMSO,,,,,,10,,,I20,9,20,25,vehicle_control,,,,
I24,SP7227,M92267 [1],DMSO,,,,,,10,,,I04,9,4,25,vehicle_control,,,,
J02,SP7227,M92267 [1],DMSO,,,,,,10,,,I03,9,3,25,vehicle_control,,,,
J02,SP7227,M92267 [1],DMSO,,,,,,10,,,J11,10,11,25,vehicle_control,,,,
J23,SP7227,M92267 [1],DMSO,,,,,,10,,,J22,10,22,25,vehicle_control,,,,
J24,SP7227,M92267 [1],DMSO,,,,,,10,,,K09,11,9,25,vehicle_control,,,,
K02,SP7227,M92267 [1],DMSO,,,,,,10,,,K03,11,3,25,vehicle_control,,,,
K02,SP7227,M92267 [1],DMSO,,,,,,10,,,K05,11,5,25,vehicle_control,,,,
K23,SP7227,M92267 [1],DMSO,,,,,,10,,,K12,11,12,25,vehicle_control,,,,
K23,SP7227,M92267 [1],DMSO,,,,,,10,,,K23,11,23,25,vehicle_control,,,,
K24,SP7227,M92267 [1],DMSO,,,,,,10,,,K10,11,10,25,vehicle_control,,,,
L02,SP7227,M92267 [1],DMSO,,,,,,10,,,L05,12,5,25,vehicle_control,,,,
L23,SP7227,M92267 [1],DMSO,,,,,,10,,,L17,12,17,25,vehicle_control,,,,
L24,SP7227,M92267 [1],DMSO,,,,,,10,,,L18,12,18,25,vehicle_control,,,,
M02,SP7227,M92267 [1],DMSO,,,,,,10,,,M03,13,3,25,vehicle_control,,,,
M02,SP7227,M92267 [1],DMSO,,,,,,10,,,M06,13,6,25,vehicle_control,,,,
M23,SP7227,M92267 [1],DMSO,,,,,,10,,,M12,13,12,25,vehicle_control,,,,
M24,SP7227,M92267 [1],DMSO,,,,,,10,,,M17,13,17,25,vehicle_control,,,,
N02,SP7227,M92267 [1],DMSO,,,,,,10,,,N05,14,5,25,vehicle_control,,,,
N23,SP7227,M92267 [1],DMSO,,,,,,10,,,N15,14,15,25,vehicle_control,,,,
N24,SP7227,M92267 [1],DMSO,,,,,,10,,,O20,15,20,25,vehicle_control,,,,
O02,SP7227,M92267 [1],DMSO,,,,,,10,,,O18,15,18,25,vehicle_control,,,,
O23,SP7227,M92267 [1],DMSO,,,,,,10,,,O19,15,19,25,vehicle_control,,,,
O24,SP7227,M92267 [1],DMSO,,,,,,10,,,O21,15,21,25,vehicle_control,,,,
P02,SP7227,M92267 [1],DMSO,,,,,,10,,,P08,16,8,25,vehicle_control,,,,
P23,SP7227,M92267 [1],DMSO,,,,,,10,,,P13,16,13,25,vehicle_control,,,,
P23,SP7227,M92267 [1],DMSO,,,,,,10,,,P17,16,17,25,vehicle_control,,,,
P24,SP7227,M92267 [1],DMSO,,,,,,10,,,P24,16,24,25,vehicle_control,,,,
